order_id,main_group,n_items
0,1,3
1,0,3
2,1,4
3,1,3
4,0,5
5,0,5
6,0,8
7,1,2
8,0,5
9,4,6
10,4,4
11,1,4
12,1,5
13,2,4
14,3,2
15,3,2
16,0,6
17,1,4
18,4,3
19,4,7
20,3,5
21,0,4
22,4,4
23,3,7
24,1,6
25,1,1
26,2,7
27,2,3
28,1,5
29,4,5
30,2,3
31,2,3
32,2,3
33,1,5
34,0,4
35,2,4
36,3,2
37,0,6
38,2,3
39,3,5
40,4,6
41,3,4
42,1,2
43,4,4
44,2,4
45,4,5
46,3,1
47,4,3
48,4,3
49,0,2
50,1,1
51,1,4
52,0,5
53,2,4
54,1,5
55,3,5
56,0,2
57,4,6
58,2,3
59,4,4
60,3,2
61,3,3
62,2,3
63,0,5
64,0,2
65,1,4
66,0,1
67,0,4
68,2,3
69,4,3
70,0,3
71,0,4
72,1,5
73,1,3
74,0,2
75,2,4
76,0,5
77,2,5
78,3,5
79,1,5
80,3,3
81,1,3
82,2,6
83,0,2
84,3,3
85,0,2
86,0,4
87,3,2
88,3,6
89,4,4
90,2,4
91,4,4
92,4,3
93,1,2
94,2,4
95,4,5
96,0,5
97,2,1
98,0,4
99,4,2
100,3,4
101,4,4
102,2,3
103,0,5
104,1,1
105,4,2
106,3,1
107,4,3
108,2,1
109,1,3
110,2,2
111,2,4
112,4,5
113,4,4
114,4,3
115,2,5
116,1,4
117,1,7
118,4,6
119,3,4
120,0,2
121,1,4
122,3,5
123,3,4
124,3,3
125,2,3
126,1,4
127,1,4
128,3,6
129,2,4
130,0,2
131,4,4
132,2,5
133,1,1
134,3,2
135,2,4
136,2,4
137,0,5
138,0,4
139,1,2
140,4,6
141,0,4
142,4,4
143,1,3
144,3,8
145,0,2
146,2,4
147,2,4
148,3,3
149,0,7
150,3,6
151,0,4
152,1,4
153,1,4
154,4,5
155,2,3
156,4,3
157,0,6
158,2,2
159,0,5
160,4,4
161,4,4
162,2,6
163,3,2
164,0,2
165,3,3
166,4,5
167,2,4
168,0,3
169,4,5
170,0,2
171,2,7
172,1,3
173,0,3
174,2,5
175,3,2
176,1,5
177,1,3
178,0,3
179,2,3
180,2,6
181,2,4
182,0,3
183,1,5
184,1,3
185,4,5
186,0,5
187,2,3
188,0,4
189,2,7
190,0,2
191,1,3
192,4,3
193,2,4
194,3,1
195,0,5
196,3,5
197,0,3
198,4,4
199,2,5
200,1,3
201,1,4
202,4,1
203,1,6
204,0,1
205,0,4
206,4,5
207,3,5
208,2,3
209,0,7
210,2,5
211,2,3
212,1,3
213,4,4
214,0,4
215,2,4
216,3,5
217,4,7
218,1,2
219,2,4
220,0,3
221,4,6
222,0,5
223,3,3
224,1,6
225,3,3
226,2,4
227,4,3
228,0,4
229,4,4
230,1,5
231,3,2
232,0,2
233,3,4
234,1,4
235,0,4
236,4,2
237,3,8
238,3,5
239,4,4
240,1,5
241,2,4
242,2,4
243,1,5
244,1,3
245,4,5
246,4,4
247,3,6
248,4,4
249,3,3
250,1,6
251,1,5
252,0,6
253,1,6
254,1,2
255,4,4
256,4,6
257,0,2
258,3,2
259,1,5
260,4,6
261,1,4
262,3,5
263,2,8
264,0,3
265,0,3
266,0,5
267,1,3
268,0,5
269,3,7
270,0,4
271,0,3
272,4,4
273,2,2
274,1,6
275,3,5
276,4,3
277,0,5
278,4,2
279,2,5
280,2,4
281,1,3
282,1,3
283,0,4
284,4,2
285,3,5
286,4,4
287,3,3
288,4,3
289,4,3
290,0,4
291,3,3
292,3,3
293,2,3
294,4,2
295,4,4
296,0,4
297,4,3
298,3,4
299,3,5
300,0,1
301,1,4
302,1,5
303,0,6
304,0,6
305,2,2
306,0,5
307,4,3
308,1,5
309,1,5
310,1,4
311,0,8
312,1,5
313,4,5
314,3,3
315,3,5
316,2,4
317,2,5
318,0,4
319,3,3
320,2,4
321,4,5
322,1,6
323,3,4
324,4,5
325,0,5
326,2,6
327,1,4
328,3,4
329,2,2
330,3,4
331,3,8
332,1,4
333,4,4
334,1,2
335,4,7
336,0,4
337,4,2
338,4,5
339,4,1
340,4,8
341,3,4
342,3,2
343,2,3
344,2,3
345,2,5
346,4,5
347,3,4
348,1,3
349,2,5
350,1,4
351,4,5
352,4,1
353,4,4
354,0,5
355,0,4
356,1,6
357,0,5
358,1,2
359,2,4
360,0,2
361,2,3
362,0,2
363,4,6
364,2,3
365,1,3
366,3,4
367,2,5
368,3,6
369,4,5
370,0,3
371,2,4
372,0,4
373,2,4
374,4,6
375,1,5
376,4,3
377,4,2
378,3,2
379,4,3
380,0,2
381,0,3
382,0,6
383,3,4
384,0,5
385,3,4
386,3,6
387,4,5
388,0,3
389,4,2
390,4,3
391,4,4
392,1,4
393,3,2
394,4,4
395,2,6
396,4,3
397,4,5
398,1,3
399,3,3
400,2,4
401,4,1
402,1,2
403,1,5
404,4,3
405,3,3
406,0,3
407,4,7
408,2,2
409,1,4
410,1,5
411,4,4
412,2,4
413,0,4
414,2,5
415,0,3
416,3,4
417,3,2
418,0,5
419,4,3
420,3,4
421,4,3
422,1,2
423,0,4
424,1,7
425,4,4
426,4,3
427,4,2
428,3,4
429,4,4
430,0,5
431,1,3
432,4,4
433,2,7
434,0,3
435,1,7
436,3,3
437,1,2
438,1,3
439,2,4
440,4,3
441,3,5
442,1,2
443,2,5
444,2,3
445,4,4
446,3,6
447,0,3
448,4,6
449,4,6
450,4,4
451,4,4
452,3,8
453,0,2
454,1,5
455,3,6
456,1,5
457,1,6
458,2,5
459,4,4
460,3,6
461,1,5
462,2,7
463,3,3
464,4,4
465,4,4
466,0,4
467,1,6
468,1,6
469,3,2
470,0,4
471,3,6
472,1,4
473,4,4
474,2,3
475,3,4
476,1,3
477,2,2
478,1,5
479,1,5
480,3,2
481,2,5
482,1,4
483,4,6
484,0,6
485,4,4
486,0,5
487,3,3
488,4,6
489,1,2
490,1,3
491,3,4
492,0,3
493,3,3
494,3,6
495,4,3
496,4,6
497,1,1
498,2,6
499,2,4
500,3,6
501,3,3
502,0,3
503,4,3
504,2,2
505,0,4
506,0,8
507,0,4
508,1,6
509,0,6
510,1,7
511,0,3
512,3,4
513,4,5
514,0,5
515,3,4
516,2,3
517,1,4
518,1,4
519,2,6
520,0,3
521,2,2
522,1,5
523,3,2
524,0,4
525,0,4
526,3,2
527,3,4
528,0,5
529,1,4
530,3,4
531,2,4
532,0,2
533,3,7
534,3,3
535,2,5
536,2,1
537,2,1
538,4,4
539,1,4
540,0,2
541,1,4
542,4,4
543,1,4
544,0,6
545,3,3
546,2,4
547,4,8
548,0,4
549,0,4
550,2,3
551,1,4
552,0,3
553,3,3
554,4,5
555,3,4
556,0,6
557,2,2
558,1,3
559,1,4
560,4,2
561,4,6
562,4,5
563,0,4
564,3,3
565,2,5
566,4,5
567,0,5
568,0,5
569,2,2
570,3,7
571,3,6
572,2,4
573,2,3
574,1,4
575,1,7
576,1,3
577,3,4
578,4,2
579,0,1
580,3,4
581,1,3
582,3,3
583,4,2
584,3,4
585,0,6
586,2,6
587,3,6
588,3,2
589,3,3
590,1,4
591,4,3
592,1,3
593,4,6
594,0,4
595,0,2
596,0,5
597,1,6
598,0,4
599,4,5
600,1,5
601,0,3
602,1,3
603,2,6
604,3,3
605,2,6
606,3,4
607,0,4
608,2,5
609,0,5
610,3,3
611,3,3
612,0,4
613,1,6
614,3,6
615,1,6
616,4,1
617,0,6
618,0,5
619,1,5
620,0,5
621,2,4
622,4,5
623,3,4
624,4,3
625,2,5
626,0,3
627,1,5
628,1,5
629,4,5
630,3,6
631,0,4
632,4,3
633,2,4
634,4,3
635,3,4
636,2,2
637,0,6
638,1,4
639,0,6
640,4,4
641,4,4
642,3,6
643,2,4
644,1,6
645,3,4
646,3,3
647,4,5
648,2,3
649,1,4
650,2,5
651,0,4
652,1,3
653,1,6
654,2,4
655,2,3
656,2,1
657,3,4
658,4,5
659,4,4
660,4,3
661,4,5
662,2,5
663,1,4
664,1,3
665,0,7
666,0,4
667,1,6
668,3,3
669,2,1
670,4,6
671,1,5
672,4,4
673,0,2
674,3,6
675,4,3
676,2,3
677,4,2
678,1,3
679,2,5
680,0,2
681,4,4
682,1,1
683,4,4
684,2,4
685,0,3
686,3,5
687,1,3
688,4,4
689,1,3
690,2,3
691,2,5
692,0,4
693,0,5
694,3,4
695,1,4
696,4,6
697,1,3
698,4,4
699,4,6
700,0,3
701,1,5
702,1,6
703,0,5
704,2,1
705,4,3
706,3,2
707,4,2
708,4,4
709,3,5
710,3,1
711,0,3
712,0,3
713,2,4
714,0,4
715,0,1
716,4,3
717,0,2
718,2,2
719,1,2
720,3,4
721,0,3
722,0,3
723,4,4
724,2,8
725,0,5
726,1,3
727,0,1
728,2,4
729,4,7
730,4,4
731,1,4
732,1,4
733,2,4
734,3,3
735,1,5
736,3,4
737,0,6
738,4,5
739,2,5
740,0,6
741,2,4
742,3,4
743,2,3
744,1,4
745,2,4
746,3,3
747,0,6
748,0,2
749,4,4
750,1,5
751,4,3
752,1,3
753,2,6
754,0,5
755,4,6
756,1,4
757,2,5
758,1,3
759,4,2
760,4,3
761,3,3
762,2,4
763,3,4
764,1,1
765,2,1
766,3,3
767,4,6
768,0,4
769,0,2
770,0,6
771,4,5
772,4,5
773,0,2
774,4,5
775,1,3
776,2,6
777,0,4
778,4,4
779,1,1
780,2,5
781,4,3
782,0,2
783,4,6
784,1,4
785,0,4
786,3,4
787,0,6
788,0,1
789,4,5
790,0,3
791,0,7
792,2,5
793,2,1
794,3,5
795,1,3
796,4,2
797,0,3
798,3,5
799,2,2
800,0,4
801,1,1
802,0,3
803,3,4
804,1,3
805,1,4
806,3,3
807,3,2
808,2,4
809,2,5
810,4,2
811,1,7
812,4,3
813,4,5
814,2,4
815,3,4
816,2,6
817,1,5
818,2,1
819,3,4
820,3,3
821,0,3
822,2,3
823,0,5
824,3,4
825,3,4
826,3,1
827,1,2
828,1,4
829,2,7
830,4,2
831,1,3
832,2,5
833,0,2
834,3,3
835,2,3
836,0,5
837,1,6
838,4,4
839,2,4
840,3,3
841,0,4
842,4,5
843,1,5
844,4,6
845,0,5
846,1,5
847,0,5
848,0,6
849,2,3
850,0,8
851,4,5
852,3,3
853,3,5
854,0,2
855,4,3
856,3,3
857,3,3
858,3,2
859,1,3
860,2,4
861,2,1
862,4,5
863,1,2
864,4,5
865,4,3
866,4,5
867,4,5
868,1,6
869,0,4
870,4,7
871,0,5
872,0,6
873,2,2
874,0,4
875,1,4
876,2,1
877,0,3
878,3,5
879,1,4
880,4,5
881,2,3
882,2,5
883,3,6
884,2,1
885,3,5
886,1,4
887,0,2
888,0,3
889,4,4
890,3,3
891,3,2
892,1,4
893,4,4
894,2,4
895,4,3
896,3,6
897,1,8
898,2,2
899,4,5
900,1,5
901,4,4
902,3,7
903,1,7
904,2,4
905,2,3
906,4,3
907,4,6
908,1,5
909,1,3
910,3,3
911,0,5
912,4,3
913,3,3
914,0,4
915,2,4
916,4,2
917,3,6
918,3,4
919,2,6
920,4,3
921,1,3
922,4,2
923,2,1
924,1,4
925,4,2
926,4,6
927,3,6
928,1,2
929,3,5
930,2,6
931,0,2
932,3,5
933,2,6
934,2,2
935,3,4
936,2,4
937,3,5
938,1,4
939,1,5
940,4,3
941,3,5
942,4,6
943,4,2
944,3,7
945,4,2
946,4,4
947,4,5
948,1,1
949,4,4
950,3,4
951,2,4
952,4,5
953,4,5
954,0,6
955,4,5
956,2,3
957,0,6
958,4,3
959,4,6
960,1,5
961,0,2
962,4,5
963,1,6
964,3,4
965,3,2
966,1,5
967,1,3
968,2,3
969,1,5
970,2,4
971,0,4
972,4,7
973,0,3
974,2,4
975,2,4
976,1,4
977,3,2
978,3,4
979,0,2
980,3,4
981,1,4
982,3,5
983,1,3
984,2,4
985,1,5
986,2,2
987,0,2
988,3,4
989,4,5
990,3,3
991,0,1
992,3,5
993,2,2
994,1,2
995,2,2
996,0,2
997,3,5
998,4,5
999,3,4
1000,2,4
1001,3,2
1002,1,3
1003,1,5
1004,4,2
1005,3,3
1006,0,2
1007,0,3
1008,0,3
1009,4,1
1010,0,4
1011,4,5
1012,3,2
1013,0,4
1014,1,5
1015,2,5
1016,1,5
1017,3,5
1018,3,6
1019,0,3
1020,0,3
1021,3,4
1022,0,4
1023,3,10
1024,0,6
1025,4,1
1026,0,4
1027,3,5
1028,3,4
1029,2,6
1030,1,4
1031,0,3
1032,2,5
1033,1,7
1034,2,5
1035,2,4
1036,4,3
1037,0,6
1038,4,6
1039,4,4
1040,3,4
1041,0,3
1042,1,2
1043,2,6
1044,3,4
1045,0,4
1046,0,2
1047,0,3
1048,2,3
1049,0,5
1050,1,4
1051,3,5
1052,0,4
1053,0,2
1054,4,6
1055,3,1
1056,0,2
1057,0,4
1058,3,4
1059,3,4
1060,0,5
1061,1,6
1062,0,4
1063,4,5
1064,3,5
1065,2,2
1066,3,6
1067,3,6
1068,4,4
1069,1,4
1070,2,3
1071,3,5
1072,1,4
1073,2,4
1074,2,4
1075,1,4
1076,2,3
1077,2,3
1078,0,5
1079,3,5
1080,2,3
1081,3,6
1082,4,7
1083,4,3
1084,0,4
1085,1,5
1086,4,2
1087,3,2
1088,4,4
1089,2,4
1090,2,4
1091,4,1
1092,0,1
1093,3,3
1094,4,4
1095,1,4
1096,1,4
1097,0,6
1098,0,3
1099,2,5
1100,1,4
1101,2,4
1102,1,5
1103,4,2
1104,1,2
1105,3,3
1106,3,6
1107,2,3
1108,3,5
1109,0,4
1110,1,6
1111,2,4
1112,1,4
1113,2,5
1114,4,5
1115,1,3
1116,2,3
1117,2,7
1118,3,3
1119,4,4
1120,1,5
1121,3,4
1122,1,7
1123,0,3
1124,2,3
1125,0,4
1126,2,3
1127,2,3
1128,1,5
1129,4,3
1130,0,5
1131,0,5
1132,0,2
1133,4,4
1134,0,2
1135,2,4
1136,3,4
1137,4,7
1138,0,3
1139,2,6
1140,4,2
1141,1,4
1142,0,3
1143,4,3
1144,0,2
1145,1,6
1146,2,3
1147,3,4
1148,0,4
1149,1,5
1150,1,5
1151,4,4
1152,2,5
1153,2,6
1154,0,2
1155,0,6
1156,0,1
1157,2,6
1158,1,2
1159,1,6
1160,0,7
1161,0,4
1162,4,2
1163,3,4
1164,0,3
1165,2,6
1166,0,3
1167,3,5
1168,3,4
1169,4,3
1170,1,2
1171,3,8
1172,2,6
1173,4,5
1174,3,4
1175,1,1
1176,0,3
1177,2,3
1178,1,2
1179,2,2
1180,4,3
1181,3,8
1182,3,2
1183,1,2
1184,2,1
1185,2,2
1186,3,6
1187,1,5
1188,4,4
1189,4,4
1190,1,3
1191,4,5
1192,4,5
1193,1,4
1194,4,6
1195,0,2
1196,3,4
1197,1,4
1198,2,4
1199,2,3
1200,3,3
1201,3,4
1202,2,5
1203,0,3
1204,1,4
1205,4,4
1206,1,3
1207,0,4
1208,3,3
1209,2,5
1210,1,4
1211,0,3
1212,3,7
1213,1,1
1214,2,2
1215,1,4
1216,1,6
1217,4,6
1218,0,3
1219,1,5
1220,2,3
1221,4,3
1222,2,1
1223,3,3
1224,4,2
1225,4,2
1226,0,2
1227,0,2
1228,0,2
1229,1,4
1230,1,6
1231,2,4
1232,0,3
1233,3,3
1234,1,6
1235,3,5
1236,1,7
1237,3,2
1238,4,4
1239,0,2
1240,2,5
1241,2,5
1242,4,4
1243,2,5
1244,3,1
1245,0,2
1246,3,4
1247,4,7
1248,3,3
1249,3,1
1250,3,2
1251,3,6
1252,0,4
1253,1,4
1254,1,4
1255,2,4
1256,0,6
1257,0,3
1258,0,4
1259,3,5
1260,1,6
1261,1,5
1262,4,1
1263,4,2
1264,4,4
1265,0,4
1266,4,2
1267,4,4
1268,2,7
1269,1,3
1270,0,4
1271,2,4
1272,3,3
1273,0,7
1274,2,8
1275,3,4
1276,2,7
1277,3,2
1278,2,6
1279,3,6
1280,2,2
1281,0,6
1282,0,5
1283,3,2
1284,0,4
1285,3,4
1286,4,6
1287,3,5
1288,3,3
1289,2,5
1290,0,6
1291,1,4
1292,1,6
1293,4,7
1294,2,2
1295,2,5
1296,1,7
1297,0,5
1298,4,4
1299,2,4
1300,4,6
1301,3,3
1302,2,7
1303,2,5
1304,2,6
1305,4,5
1306,3,5
1307,2,6
1308,0,6
1309,2,3
1310,3,6
1311,0,3
1312,0,5
1313,0,4
1314,4,2
1315,0,4
1316,3,6
1317,3,2
1318,1,3
1319,2,4
1320,1,3
1321,1,4
1322,4,7
1323,0,5
1324,1,6
1325,4,2
1326,0,2
1327,0,4
1328,2,4
1329,2,2
1330,3,3
1331,1,5
1332,4,4
1333,3,6
1334,4,3
1335,2,6
1336,4,5
1337,4,1
1338,3,3
1339,1,5
1340,4,4
1341,0,3
1342,1,3
1343,4,2
1344,2,2
1345,1,7
1346,3,4
1347,4,4
1348,0,1
1349,0,3
1350,1,6
1351,1,3
1352,4,4
1353,0,6
1354,4,4
1355,4,3
1356,2,6
1357,1,3
1358,2,5
1359,2,6
1360,3,5
1361,4,6
1362,0,2
1363,0,4
1364,0,1
1365,1,2
1366,1,2
1367,3,6
1368,4,5
1369,0,5
1370,4,6
1371,4,5
1372,0,5
1373,1,5
1374,1,4
1375,2,2
1376,0,5
1377,2,3
1378,2,6
1379,1,2
1380,4,2
1381,0,4
1382,3,5
1383,1,2
1384,4,5
1385,4,4
1386,1,4
1387,3,6
1388,3,5
1389,0,5
1390,1,7
1391,0,5
1392,0,6
1393,2,5
1394,3,4
1395,4,6
1396,3,4
1397,0,6
1398,2,4
1399,2,7
1400,2,5
1401,3,6
1402,4,5
1403,2,3
1404,1,4
1405,2,4
1406,1,2
1407,1,6
1408,0,4
1409,4,4
1410,4,4
1411,2,3
1412,3,5
1413,1,4
1414,2,3
1415,0,3
1416,2,4
1417,4,5
1418,0,1
1419,2,3
1420,0,2
1421,0,5
1422,1,5
1423,4,5
1424,4,3
1425,1,3
1426,1,4
1427,0,5
1428,3,5
1429,0,5
1430,1,7
1431,3,3
1432,4,2
1433,3,2
1434,2,2
1435,2,3
1436,4,1
1437,2,5
1438,1,4
1439,2,4
1440,4,2
1441,2,6
1442,2,5
1443,0,4
1444,2,4
1445,1,5
1446,3,4
1447,1,3
1448,4,4
1449,0,5
1450,1,2
1451,3,6
1452,1,1
1453,3,6
1454,2,2
1455,0,3
1456,4,7
1457,2,2
1458,0,7
1459,0,4
1460,1,5
1461,4,5
1462,2,4
1463,1,1
1464,3,6
1465,3,3
1466,4,4
1467,0,6
1468,0,2
1469,4,4
1470,1,6
1471,0,4
1472,0,5
1473,4,5
1474,1,4
1475,0,2
1476,2,2
1477,3,5
1478,1,7
1479,3,4
1480,0,4
1481,2,6
1482,0,7
1483,0,4
1484,4,5
1485,4,5
1486,4,6
1487,4,5
1488,1,6
1489,2,5
1490,2,5
1491,0,4
1492,2,4
1493,1,2
1494,0,4
1495,4,4
1496,1,5
1497,3,3
1498,4,4
1499,3,8
1500,2,4
1501,3,3
1502,3,4
1503,3,3
1504,1,4
1505,0,3
1506,0,4
1507,3,6
1508,1,3
1509,0,5
1510,4,4
1511,0,4
1512,3,3
1513,4,5
1514,1,1
1515,1,6
1516,2,2
1517,2,3
1518,0,4
1519,3,5
1520,0,7
1521,0,1
1522,1,4
1523,2,2
1524,4,4
1525,1,5
1526,1,3
1527,0,6
1528,3,2
1529,4,5
1530,2,3
1531,2,3
1532,4,6
1533,3,4
1534,0,3
1535,0,4
1536,4,3
1537,4,4
1538,2,4
1539,0,5
1540,0,4
1541,0,5
1542,4,5
1543,4,2
1544,3,5
1545,3,2
1546,2,6
1547,0,7
1548,2,4
1549,0,5
1550,4,4
1551,3,4
1552,3,2
1553,0,3
1554,3,6
1555,1,4
1556,1,5
1557,4,2
1558,1,3
1559,1,4
1560,3,5
1561,4,3
1562,2,2
1563,1,2
1564,3,4
1565,4,1
1566,1,4
1567,2,5
1568,4,2
1569,3,5
1570,1,6
1571,0,1
1572,4,7
1573,3,2
1574,0,4
1575,0,3
1576,0,6
1577,0,1
1578,3,2
1579,1,5
1580,1,5
1581,1,5
1582,3,8
1583,3,2
1584,0,3
1585,4,2
1586,3,1
1587,3,3
1588,2,4
1589,3,5
1590,1,4
1591,3,1
1592,3,5
1593,1,6
1594,3,5
1595,2,5
1596,4,6
1597,3,2
1598,0,2
1599,0,5
1600,4,2
1601,1,3
1602,0,4
1603,3,4
1604,1,3
1605,1,3
1606,4,4
1607,3,3
1608,1,3
1609,2,5
1610,4,4
1611,1,5
1612,2,3
1613,4,3
1614,0,3
1615,2,4
1616,1,3
1617,4,5
1618,4,5
1619,2,4
1620,0,4
1621,4,5
1622,4,5
1623,3,4
1624,3,2
1625,2,7
1626,2,3
1627,0,4
1628,3,5
1629,1,4
1630,4,2
1631,3,5
1632,4,4
1633,4,5
1634,3,5
1635,4,2
1636,3,4
1637,4,4
1638,2,4
1639,1,2
1640,4,4
1641,3,5
1642,1,3
1643,1,6
1644,2,6
1645,1,6
1646,4,4
1647,0,6
1648,0,5
1649,4,7
1650,3,7
1651,1,2
1652,1,5
1653,2,7
1654,2,5
1655,0,7
1656,0,7
1657,3,6
1658,0,5
1659,1,4
1660,0,6
1661,4,4
1662,3,3
1663,1,5
1664,3,5
1665,2,5
1666,1,3
1667,1,4
1668,3,5
1669,2,1
1670,2,6
1671,4,5
1672,4,5
1673,4,2
1674,2,3
1675,2,4
1676,0,6
1677,1,4
1678,4,7
1679,1,5
1680,4,6
1681,4,6
1682,3,5
1683,2,4
1684,3,5
1685,3,2
1686,0,4
1687,1,6
1688,1,3
1689,4,7
1690,3,3
1691,3,4
1692,0,4
1693,3,4
1694,2,5
1695,0,2
1696,2,1
1697,0,6
1698,3,3
1699,1,4
1700,4,2
1701,2,7
1702,0,2
1703,1,2
1704,3,3
1705,1,4
1706,1,4
1707,1,1
1708,1,4
1709,2,4
1710,1,4
1711,4,5
1712,1,4
1713,3,2
1714,3,4
1715,2,2
1716,3,3
1717,2,6
1718,4,3
1719,4,3
1720,3,5
1721,2,8
1722,3,4
1723,0,3
1724,1,5
1725,1,4
1726,1,3
1727,1,4
1728,3,3
1729,0,6
1730,3,3
1731,3,4
1732,2,1
1733,1,6
1734,4,4
1735,2,3
1736,4,2
1737,4,3
1738,2,5
1739,4,5
1740,0,3
1741,4,5
1742,4,6
1743,0,7
1744,4,4
1745,4,8
1746,3,5
1747,1,3
1748,2,4
1749,1,5
1750,4,5
1751,4,4
1752,3,5
1753,0,4
1754,4,5
1755,0,4
1756,0,4
1757,3,5
1758,3,3
1759,1,6
1760,2,6
1761,4,5
1762,0,3
1763,3,4
1764,2,3
1765,4,2
1766,4,4
1767,3,2
1768,4,5
1769,2,4
1770,4,8
1771,4,4
1772,4,2
1773,3,6
1774,0,3
1775,4,4
1776,1,6
1777,4,6
1778,0,7
1779,2,2
1780,0,3
1781,1,4
1782,3,3
1783,4,4
1784,1,7
1785,4,4
1786,3,6
1787,4,5
1788,4,5
1789,3,3
1790,3,3
1791,1,4
1792,3,3
1793,4,5
1794,1,4
1795,0,5
1796,1,6
1797,1,6
1798,4,1
1799,1,1
1800,3,4
1801,2,4
1802,1,6
1803,0,5
1804,3,3
1805,4,3
1806,3,3
1807,2,3
1808,1,3
1809,3,4
1810,2,1
1811,3,3
1812,1,5
1813,3,5
1814,0,5
1815,0,3
1816,4,4
1817,0,4
1818,2,3
1819,4,1
1820,3,4
1821,3,6
1822,3,3
1823,2,3
1824,2,3
1825,1,5
1826,1,3
1827,4,6
1828,4,5
1829,3,5
1830,0,5
1831,2,4
1832,2,5
1833,4,5
1834,4,4
1835,2,2
1836,2,2
1837,1,1
1838,0,4
1839,3,3
1840,1,3
1841,2,3
1842,3,4
1843,4,3
1844,2,3
1845,4,4
1846,4,3
1847,0,2
1848,1,6
1849,0,3
1850,1,5
1851,2,6
1852,2,2
1853,3,6
1854,0,5
1855,0,4
1856,4,2
1857,2,3
1858,2,4
1859,0,3
1860,1,1
1861,1,2
1862,4,6
1863,0,7
1864,0,1
1865,4,5
1866,2,4
1867,0,4
1868,3,5
1869,2,3
1870,0,3
1871,0,3
1872,1,7
1873,3,5
1874,4,7
1875,0,4
1876,2,5
1877,4,2
1878,4,4
1879,0,4
1880,0,4
1881,2,4
1882,4,5
1883,4,3
1884,4,1
1885,2,4
1886,4,3
1887,3,3
1888,3,4
1889,4,5
1890,2,5
1891,0,5
1892,2,6
1893,1,6
1894,0,3
1895,1,3
1896,0,3
1897,1,4
1898,4,2
1899,2,5
1900,0,4
1901,3,6
1902,0,4
1903,0,4
1904,1,3
1905,1,3
1906,4,3
1907,0,5
1908,1,4
1909,3,3
1910,2,6
1911,3,4
1912,0,6
1913,3,1
1914,3,3
1915,1,6
1916,3,6
1917,4,5
1918,3,3
1919,0,3
1920,4,5
1921,4,4
1922,2,4
1923,0,5
1924,4,3
1925,2,5
1926,2,5
1927,3,4
1928,2,4
1929,3,1
1930,1,5
1931,3,5
1932,1,4
1933,2,6
1934,4,3
1935,0,5
1936,4,6
1937,4,4
1938,3,5
1939,0,1
1940,0,8
1941,2,1
1942,1,2
1943,4,2
1944,1,5
1945,4,3
1946,1,3
1947,0,4
1948,1,4
1949,0,4
1950,3,4
1951,4,5
1952,2,6
1953,0,5
1954,0,5
1955,4,4
1956,3,6
1957,0,5
1958,2,4
1959,3,5
1960,3,3
1961,3,4
1962,0,2
1963,2,5
1964,2,4
1965,1,5
1966,2,7
1967,2,5
1968,1,2
1969,1,3
1970,0,5
1971,0,4
1972,4,7
1973,0,3
1974,4,3
1975,0,6
1976,3,1
1977,2,3
1978,3,2
1979,4,5
1980,3,4
1981,1,3
1982,0,3
1983,4,4
1984,3,5
1985,1,7
1986,2,4
1987,2,4
1988,3,2
1989,4,4
1990,0,5
1991,1,3
1992,0,5
1993,2,4
1994,4,5
1995,1,3
1996,4,4
1997,0,4
1998,3,4
1999,2,5
2000,0,4
2001,3,3
2002,0,5
2003,0,4
2004,1,5
2005,2,5
2006,3,5
2007,0,5
2008,3,4
2009,3,4
2010,4,5
2011,3,2
2012,2,6
2013,3,4
2014,0,4
2015,0,3
2016,3,4
2017,4,4
2018,2,4
2019,1,5
2020,0,5
2021,0,5
2022,3,5
2023,0,5
2024,3,3
2025,1,4
2026,1,4
2027,2,3
2028,4,7
2029,1,5
2030,0,4
2031,3,3
2032,1,5
2033,4,4
2034,0,6
2035,1,3
2036,0,6
2037,0,5
2038,3,6
2039,1,4
2040,0,3
2041,1,5
2042,1,5
2043,0,4
2044,3,7
2045,1,6
2046,4,4
2047,4,7
2048,3,3
2049,3,6
2050,4,2
2051,2,3
2052,3,3
2053,3,8
2054,4,6
2055,2,5
2056,1,7
2057,1,5
2058,4,4
2059,1,4
2060,4,4
2061,1,3
2062,0,5
2063,4,4
2064,2,5
2065,4,1
2066,0,4
2067,1,5
2068,0,2
2069,0,2
2070,0,4
2071,1,2
2072,1,3
2073,2,2
2074,1,4
2075,0,2
2076,2,5
2077,3,7
2078,0,5
2079,1,5
2080,2,8
2081,0,5
2082,4,3
2083,4,2
2084,2,4
2085,4,5
2086,0,5
2087,0,1
2088,1,6
2089,1,6
2090,0,4
2091,1,2
2092,3,2
2093,0,2
2094,0,6
2095,2,3
2096,2,1
2097,4,5
2098,2,5
2099,2,3
2100,0,5
2101,1,5
2102,4,3
2103,2,5
2104,2,4
2105,2,5
2106,1,8
2107,0,5
2108,3,3
2109,4,5
2110,3,6
2111,4,2
2112,4,4
2113,1,7
2114,1,3
2115,1,3
2116,2,5
2117,1,4
2118,2,3
2119,0,3
2120,0,5
2121,1,6
2122,1,3
2123,0,5
2124,2,4
2125,3,3
2126,0,4
2127,3,5
2128,3,5
2129,1,2
2130,2,4
2131,1,5
2132,0,6
2133,1,3
2134,4,2
2135,3,5
2136,3,3
2137,3,4
2138,0,4
2139,1,5
2140,3,3
2141,2,5
2142,1,4
2143,3,4
2144,1,5
2145,3,4
2146,1,8
2147,2,5
2148,4,3
2149,1,3
2150,1,4
2151,3,3
2152,3,4
2153,0,5
2154,1,5
2155,0,3
2156,0,5
2157,2,2
2158,1,6
2159,0,4
2160,2,1
2161,2,4
2162,0,6
2163,1,4
2164,3,6
2165,0,4
2166,1,3
2167,2,5
2168,0,3
2169,0,3
2170,4,4
2171,4,4
2172,3,1
2173,4,4
2174,0,3
2175,4,5
2176,1,2
2177,1,5
2178,0,4
2179,3,6
2180,3,4
2181,3,3
2182,3,2
2183,4,4
2184,0,3
2185,2,5
2186,1,7
2187,0,4
2188,2,6
2189,1,3
2190,1,6
2191,2,5
2192,0,3
2193,1,4
2194,4,4
2195,0,6
2196,1,5
2197,2,3
2198,2,6
2199,1,4
2200,3,5
2201,1,2
2202,0,5
2203,1,2
2204,2,5
2205,1,3
2206,0,4
2207,3,5
2208,3,3
2209,2,3
2210,1,2
2211,3,4
2212,2,2
2213,1,2
2214,4,7
2215,4,6
2216,4,4
2217,4,3
2218,2,3
2219,3,5
2220,4,5
2221,4,4
2222,3,2
2223,4,4
2224,1,5
2225,3,3
2226,0,4
2227,3,7
2228,3,5
2229,1,3
2230,1,5
2231,2,7
2232,3,7
2233,1,4
2234,3,3
2235,3,3
2236,0,5
2237,3,5
2238,0,4
2239,4,4
2240,3,5
2241,1,5
2242,3,6
2243,1,3
2244,3,2
2245,1,3
2246,2,4
2247,4,2
2248,0,6
2249,0,2
2250,3,6
2251,4,2
2252,0,3
2253,0,6
2254,2,1
2255,2,4
2256,3,5
2257,1,4
2258,2,3
2259,2,3
2260,2,4
2261,0,5
2262,1,5
2263,0,8
2264,3,5
2265,4,5
2266,4,4
2267,4,2
2268,1,4
2269,0,4
2270,2,2
2271,3,1
2272,0,2
2273,0,5
2274,2,4
2275,2,5
2276,4,3
2277,0,5
2278,4,2
2279,2,1
2280,3,3
2281,4,6
2282,0,5
2283,2,2
2284,3,7
2285,2,5
2286,2,5
2287,2,3
2288,0,3
2289,3,1
2290,4,1
2291,3,7
2292,3,3
2293,1,2
2294,4,5
2295,2,5
2296,3,5
2297,4,5
2298,2,5
2299,2,5
2300,1,3
2301,0,5
2302,3,5
2303,3,3
2304,1,6
2305,3,5
2306,1,7
2307,0,4
2308,1,4
2309,1,3
2310,2,5
2311,3,6
2312,0,7
2313,1,4
2314,3,5
2315,0,4
2316,3,1
2317,3,1
2318,2,4
2319,3,7
2320,0,3
2321,4,6
2322,3,2
2323,2,6
2324,4,6
2325,1,2
2326,0,3
2327,0,4
2328,1,2
2329,1,7
2330,2,2
2331,1,4
2332,1,5
2333,3,4
2334,2,4
2335,3,5
2336,3,7
2337,3,4
2338,3,4
2339,2,1
2340,1,4
2341,4,2
2342,1,2
2343,1,4
2344,2,1
2345,4,5
2346,3,4
2347,3,6
2348,2,5
2349,2,3
2350,1,8
2351,1,4
2352,2,4
2353,4,4
2354,3,4
2355,3,7
2356,1,5
2357,1,1
2358,3,5
2359,1,5
2360,0,5
2361,1,3
2362,2,1
2363,1,1
2364,2,5
2365,3,6
2366,3,2
2367,4,5
2368,4,4
2369,1,4
2370,1,3
2371,0,3
2372,1,6
2373,2,2
2374,1,6
2375,0,7
2376,3,6
2377,2,5
2378,4,1
2379,0,4
2380,3,6
2381,0,3
2382,3,3
2383,3,3
2384,4,2
2385,0,6
2386,4,3
2387,4,5
2388,0,7
2389,4,2
2390,2,5
2391,3,6
2392,3,3
2393,3,4
2394,2,4
2395,4,6
2396,2,4
2397,3,5
2398,1,3
2399,4,6
2400,0,5
2401,4,4
2402,1,6
2403,0,6
2404,0,3
2405,2,2
2406,1,4
2407,2,5
2408,0,3
2409,4,2
2410,4,3
2411,4,4
2412,1,4
2413,3,5
2414,2,3
2415,2,3
2416,2,3
2417,1,4
2418,0,1
2419,1,5
2420,2,6
2421,2,4
2422,4,4
2423,4,3
2424,3,3
2425,2,4
2426,2,5
2427,3,4
2428,4,2
2429,3,4
2430,1,2
2431,2,3
2432,4,2
2433,4,5
2434,0,5
2435,1,5
2436,0,3
2437,0,6
2438,3,2
2439,1,6
2440,0,4
2441,1,2
2442,2,6
2443,0,3
2444,2,2
2445,2,2
2446,1,4
2447,1,4
2448,0,4
2449,0,1
2450,1,3
2451,1,6
2452,0,3
2453,0,4
2454,2,6
2455,2,3
2456,2,2
2457,0,3
2458,1,4
2459,2,3
2460,3,3
2461,0,7
2462,3,3
2463,4,4
2464,2,4
2465,2,3
2466,4,2
2467,0,4
2468,4,5
2469,1,5
2470,0,2
2471,0,3
2472,2,4
2473,3,4
2474,1,2
2475,2,4
2476,4,2
2477,1,3
2478,3,3
2479,3,5
2480,3,5
2481,2,7
2482,0,4
2483,2,7
2484,1,4
2485,4,3
2486,1,8
2487,1,6
2488,0,3
2489,4,5
2490,4,5
2491,2,5
2492,2,7
2493,0,4
2494,3,3
2495,3,6
2496,4,3
2497,1,4
2498,1,3
2499,3,2
2500,2,5
2501,1,6
2502,0,4
2503,0,4
2504,0,7
2505,2,4
2506,0,2
2507,3,3
2508,4,4
2509,3,2
2510,1,3
2511,2,2
2512,1,8
2513,3,6
2514,3,6
2515,3,4
2516,3,3
2517,0,4
2518,0,3
2519,2,6
2520,2,1
2521,3,4
2522,3,4
2523,4,5
2524,4,5
2525,0,4
2526,0,4
2527,4,5
2528,2,5
2529,1,5
2530,4,6
2531,1,2
2532,3,4
2533,3,3
2534,4,4
2535,0,4
2536,2,3
2537,3,3
2538,3,8
2539,0,4
2540,2,3
2541,3,4
2542,3,7
2543,3,4
2544,2,4
2545,0,3
2546,1,5
2547,0,6
2548,1,5
2549,1,4
2550,3,4
2551,4,6
2552,1,3
2553,3,2
2554,1,4
2555,4,4
2556,1,4
2557,0,4
2558,4,1
2559,0,3
2560,2,5
2561,3,6
2562,1,3
2563,2,4
2564,2,5
2565,3,3
2566,4,3
2567,0,4
2568,2,6
2569,3,5
2570,0,2
2571,2,4
2572,3,4
2573,2,3
2574,2,5
2575,3,3
2576,0,1
2577,2,1
2578,1,2
2579,4,2
2580,1,5
2581,2,6
2582,4,6
2583,1,6
2584,4,2
2585,2,3
2586,1,3
2587,4,4
2588,2,2
2589,3,1
2590,3,2
2591,0,6
2592,4,2
2593,3,7
2594,2,5
2595,3,3
2596,1,4
2597,2,6
2598,3,3
2599,4,3
2600,1,4
2601,4,4
2602,4,6
2603,1,6
2604,0,2
2605,3,1
2606,3,3
2607,3,4
2608,3,4
2609,0,4
2610,3,6
2611,3,3
2612,3,4
2613,1,5
2614,3,5
2615,4,2
2616,2,4
2617,2,3
2618,1,3
2619,4,4
2620,1,2
2621,0,4
2622,0,4
2623,1,4
2624,3,4
2625,4,2
2626,2,2
2627,0,4
2628,2,2
2629,4,1
2630,1,6
2631,2,5
2632,4,5
2633,1,6
2634,2,4
2635,0,1
2636,3,4
2637,0,4
2638,3,3
2639,4,2
2640,2,3
2641,4,5
2642,2,4
2643,0,4
2644,4,4
2645,3,4
2646,4,3
2647,2,3
2648,1,5
2649,3,3
2650,0,4
2651,0,4
2652,1,4
2653,4,6
2654,2,3
2655,4,2
2656,1,7
2657,4,3
2658,3,6
2659,3,4
2660,4,4
2661,1,4
2662,3,3
2663,2,6
2664,1,3
2665,1,3
2666,3,2
2667,4,4
2668,4,5
2669,4,4
2670,0,5
2671,1,4
2672,0,4
2673,1,3
2674,2,4
2675,4,5
2676,2,4
2677,3,5
2678,3,4
2679,2,6
2680,2,4
2681,2,2
2682,2,6
2683,3,4
2684,0,1
2685,0,1
2686,2,4
2687,4,5
2688,2,3
2689,3,3
2690,4,2
2691,2,4
2692,1,5
2693,1,3
2694,3,7
2695,2,5
2696,3,3
2697,0,3
2698,0,5
2699,4,7
2700,0,5
2701,4,3
2702,1,7
2703,2,3
2704,1,3
2705,1,5
2706,2,5
2707,1,4
2708,1,2
2709,2,4
2710,2,4
2711,1,1
2712,2,5
2713,1,5
2714,1,2
2715,1,4
2716,4,5
2717,3,4
2718,2,1
2719,1,2
2720,1,5
2721,1,2
2722,3,1
2723,2,4
2724,1,3
2725,3,4
2726,2,4
2727,3,4
2728,2,3
2729,0,2
2730,2,2
2731,1,5
2732,0,3
2733,1,3
2734,4,5
2735,2,5
2736,2,1
2737,0,6
2738,1,4
2739,4,1
2740,0,3
2741,3,2
2742,2,3
2743,3,6
2744,2,6
2745,2,4
2746,0,3
2747,3,3
2748,4,8
2749,4,5
2750,2,3
2751,4,3
2752,1,6
2753,1,2
2754,0,4
2755,2,2
2756,3,4
2757,4,2
2758,2,4
2759,4,2
2760,2,3
2761,1,4
2762,1,4
2763,2,2
2764,0,4
2765,3,2
2766,2,4
2767,1,6
2768,1,4
2769,4,5
2770,2,3
2771,0,4
2772,3,2
2773,2,4
2774,4,2
2775,2,3
2776,0,5
2777,1,3
2778,2,2
2779,1,3
2780,4,2
2781,2,5
2782,3,7
2783,2,3
2784,0,3
2785,0,2
2786,3,4
2787,0,2
2788,1,4
2789,2,3
2790,4,5
2791,0,5
2792,0,2
2793,4,4
2794,2,5
2795,4,3
2796,1,5
2797,0,3
2798,4,4
2799,4,4
2800,0,5
2801,4,3
2802,2,4
2803,0,3
2804,3,5
2805,0,4
2806,4,6
2807,1,5
2808,1,3
2809,2,4
2810,4,7
2811,4,3
2812,2,4
2813,2,4
2814,4,5
2815,0,5
2816,1,7
2817,4,4
2818,1,3
2819,2,6
2820,3,5
2821,3,4
2822,2,3
2823,2,6
2824,4,3
2825,3,6
2826,0,6
2827,0,5
2828,2,3
2829,1,3
2830,2,8
2831,4,3
2832,4,3
2833,0,4
2834,3,3
2835,0,3
2836,1,1
2837,0,4
2838,1,6
2839,4,4
2840,0,5
2841,1,4
2842,3,2
2843,1,2
2844,4,5
2845,0,3
2846,1,4
2847,4,3
2848,2,6
2849,1,4
2850,4,2
2851,3,2
2852,0,6
2853,2,3
2854,1,3
2855,2,5
2856,1,1
2857,0,6
2858,3,5
2859,0,5
2860,3,3
2861,3,5
2862,2,4
2863,1,4
2864,3,2
2865,2,3
2866,1,5
2867,1,3
2868,2,1
2869,1,5
2870,4,5
2871,3,3
2872,0,5
2873,2,4
2874,0,3
2875,1,5
2876,4,6
2877,3,5
2878,2,3
2879,0,3
2880,4,3
2881,4,3
2882,2,3
2883,1,5
2884,1,6
2885,2,5
2886,0,4
2887,3,5
2888,3,3
2889,0,4
2890,0,3
2891,2,4
2892,3,6
2893,3,1
2894,1,3
2895,1,3
2896,3,9
2897,1,6
2898,4,3
2899,3,6
2900,1,5
2901,0,4
2902,4,5
2903,4,4
2904,4,4
2905,0,1
2906,2,7
2907,3,3
2908,0,4
2909,0,6
2910,3,2
2911,3,5
2912,3,3
2913,3,3
2914,0,6
2915,3,6
2916,4,5
2917,1,4
2918,3,4
2919,3,3
2920,3,4
2921,3,4
2922,3,5
2923,2,6
2924,4,4
2925,4,3
2926,2,4
2927,2,2
2928,1,5
2929,0,3
2930,4,5
2931,4,4
2932,0,4
2933,0,4
2934,0,2
2935,4,4
2936,1,5
2937,0,7
2938,2,5
2939,0,2
2940,0,5
2941,4,3
2942,4,3
2943,0,4
2944,2,3
2945,3,4
2946,2,4
2947,0,4
2948,1,3
2949,3,3
2950,1,6
2951,0,1
2952,3,1
2953,4,4
2954,4,3
2955,2,5
2956,1,2
2957,1,5
2958,3,6
2959,2,5
2960,3,6
2961,1,3
2962,3,4
2963,2,3
2964,4,4
2965,2,4
2966,1,2
2967,2,3
2968,4,1
2969,2,7
2970,4,4
2971,0,3
2972,4,5
2973,0,5
2974,3,5
2975,1,5
2976,0,4
2977,0,4
2978,4,2
2979,0,5
2980,2,6
2981,1,3
2982,3,6
2983,4,5
2984,2,4
2985,3,3
2986,1,2
2987,3,2
2988,2,3
2989,0,3
2990,0,2
2991,2,4
2992,2,5
2993,0,3
2994,2,4
2995,4,1
2996,3,4
2997,4,5
2998,4,4
2999,3,2
3000,0,3
3001,2,4
3002,2,6
3003,2,3
3004,0,1
3005,1,2
3006,0,4
3007,4,4
3008,0,2
3009,0,2
3010,2,3
3011,3,5
3012,3,6
3013,2,2
3014,1,2
3015,4,4
3016,2,4
3017,1,4
3018,0,3
3019,3,1
3020,2,7
3021,2,6
3022,1,3
3023,4,5
3024,3,3
3025,0,4
3026,0,5
3027,4,3
3028,1,3
3029,2,4
3030,4,5
3031,4,2
3032,2,5
3033,0,4
3034,1,3
3035,1,5
3036,2,3
3037,3,3
3038,0,4
3039,0,4
3040,4,1
3041,4,5
3042,0,5
3043,3,2
3044,1,1
3045,1,2
3046,0,5
3047,3,7
3048,3,4
3049,0,3
3050,4,1
3051,2,4
3052,4,5
3053,2,3
3054,2,6
3055,3,4
3056,4,6
3057,4,5
3058,1,5
3059,0,3
3060,1,4
3061,1,6
3062,0,4
3063,4,4
3064,4,5
3065,3,4
3066,4,6
3067,4,5
3068,1,3
3069,0,4
3070,2,4
3071,3,4
3072,1,3
3073,2,4
3074,4,4
3075,2,5
3076,3,4
3077,2,4
3078,2,5
3079,4,5
3080,1,5
3081,0,6
3082,4,5
3083,2,7
3084,2,3
3085,4,5
3086,4,4
3087,4,5
3088,0,1
3089,0,4
3090,4,2
3091,2,5
3092,1,5
3093,2,6
3094,3,5
3095,3,4
3096,4,3
3097,4,2
3098,4,8
3099,2,3
3100,2,5
3101,0,3
3102,0,1
3103,1,3
3104,1,6
3105,2,4
3106,4,3
3107,4,5
3108,4,2
3109,4,5
3110,2,5
3111,1,4
3112,1,3
3113,3,4
3114,4,2
3115,4,8
3116,0,3
3117,0,4
3118,0,7
3119,1,7
3120,1,2
3121,1,5
3122,0,4
3123,1,5
3124,0,4
3125,4,3
3126,3,4
3127,2,5
3128,3,3
3129,1,2
3130,0,4
3131,1,6
3132,3,6
3133,1,3
3134,1,4
3135,2,2
3136,2,4
3137,0,5
3138,4,6
3139,1,3
3140,4,4
3141,2,4
3142,3,2
3143,4,3
3144,0,4
3145,3,3
3146,3,2
3147,2,3
3148,3,6
3149,0,4
3150,2,4
3151,2,5
3152,3,5
3153,0,7
3154,0,4
3155,1,4
3156,3,6
3157,2,5
3158,1,4
3159,2,4
3160,3,4
3161,0,4
3162,2,1
3163,0,4
3164,3,3
3165,4,6
3166,0,4
3167,0,3
3168,3,6
3169,4,4
3170,3,5
3171,4,4
3172,2,3
3173,3,3
3174,0,3
3175,4,2
3176,3,3
3177,4,6
3178,0,6
3179,0,4
3180,1,1
3181,2,3
3182,4,3
3183,4,3
3184,2,4
3185,0,4
3186,3,3
3187,3,4
3188,3,5
3189,2,5
3190,1,4
3191,0,2
3192,3,6
3193,1,2
3194,3,5
3195,4,4
3196,1,7
3197,1,4
3198,4,3
3199,1,8
3200,0,4
3201,0,3
3202,1,4
3203,3,6
3204,4,1
3205,1,3
3206,4,1
3207,1,6
3208,1,4
3209,4,3
3210,4,5
3211,4,2
3212,0,3
3213,0,3
3214,4,5
3215,3,2
3216,4,3
3217,1,5
3218,2,4
3219,1,2
3220,0,5
3221,2,6
3222,4,1
3223,1,4
3224,2,4
3225,3,6
3226,1,4
3227,2,4
3228,3,4
3229,2,4
3230,2,5
3231,4,3
3232,3,4
3233,1,4
3234,0,2
3235,2,5
3236,1,4
3237,0,4
3238,3,3
3239,4,6
3240,4,2
3241,1,3
3242,4,6
3243,4,2
3244,3,4
3245,1,6
3246,3,7
3247,0,3
3248,1,5
3249,0,3
3250,4,1
3251,1,5
3252,0,4
3253,1,4
3254,3,2
3255,0,6
3256,0,1
3257,3,4
3258,3,2
3259,0,3
3260,2,5
3261,1,5
3262,4,4
3263,0,4
3264,0,4
3265,2,5
3266,4,6
3267,1,3
3268,3,5
3269,0,5
3270,3,4
3271,4,4
3272,2,7
3273,2,6
3274,2,5
3275,1,3
3276,4,1
3277,1,3
3278,1,2
3279,0,1
3280,4,8
3281,3,4
3282,4,4
3283,2,3
3284,3,3
3285,2,2
3286,1,5
3287,1,7
3288,4,3
3289,2,4
3290,3,3
3291,4,6
3292,0,2
3293,2,4
3294,4,4
3295,4,5
3296,1,4
3297,0,4
3298,4,1
3299,1,4
3300,1,2
3301,0,3
3302,3,3
3303,3,2
3304,4,3
3305,3,6
3306,4,5
3307,0,3
3308,4,3
3309,0,4
3310,0,4
3311,0,8
3312,1,2
3313,2,6
3314,0,3
3315,4,3
3316,2,6
3317,2,4
3318,2,4
3319,3,7
3320,4,3
3321,4,4
3322,3,4
3323,3,2
3324,0,6
3325,0,3
3326,3,4
3327,0,1
3328,1,3
3329,3,3
3330,2,3
3331,3,6
3332,3,3
3333,0,6
3334,0,1
3335,4,4
3336,1,3
3337,0,2
3338,0,2
3339,0,5
3340,1,6
3341,2,5
3342,4,4
3343,4,4
3344,1,2
3345,3,5
3346,2,4
3347,4,3
3348,2,7
3349,1,2
3350,2,1
3351,2,1
3352,1,4
3353,4,6
3354,4,5
3355,2,6
3356,4,5
3357,4,3
3358,3,3
3359,4,7
3360,3,6
3361,0,5
3362,4,2
3363,3,4
3364,1,4
3365,2,7
3366,4,5
3367,3,2
3368,1,5
3369,3,5
3370,3,5
3371,3,3
3372,3,2
3373,3,2
3374,3,4
3375,2,7
3376,2,4
3377,2,2
3378,1,6
3379,1,3
3380,4,3
3381,0,1
3382,2,3
3383,0,2
3384,4,5
3385,4,6
3386,4,5
3387,4,6
3388,4,3
3389,2,5
3390,0,4
3391,2,5
3392,0,7
3393,4,5
3394,4,4
3395,0,4
3396,0,4
3397,2,3
3398,1,4
3399,4,3
3400,4,3
3401,0,4
3402,2,6
3403,0,3
3404,2,10
3405,1,1
3406,3,3
3407,1,3
3408,1,3
3409,4,3
3410,3,5
3411,4,3
3412,4,4
3413,0,5
3414,4,5
3415,3,5
3416,3,3
3417,2,4
3418,4,2
3419,4,2
3420,3,3
3421,2,4
3422,0,4
3423,1,4
3424,4,3
3425,2,5
3426,1,4
3427,1,3
3428,2,5
3429,1,3
3430,4,6
3431,3,4
3432,3,3
3433,4,3
3434,1,5
3435,2,4
3436,2,7
3437,1,5
3438,2,6
3439,0,3
3440,0,4
3441,3,5
3442,3,2
3443,2,4
3444,4,4
3445,3,5
3446,0,4
3447,3,6
3448,2,4
3449,2,4
3450,2,2
3451,1,3
3452,0,1
3453,4,5
3454,1,3
3455,3,5
3456,4,6
3457,1,3
3458,1,4
3459,1,2
3460,4,4
3461,3,3
3462,1,6
3463,1,3
3464,0,4
3465,3,2
3466,1,3
3467,2,5
3468,3,3
3469,2,5
3470,0,3
3471,3,3
3472,2,5
3473,3,2
3474,2,5
3475,1,4
3476,4,5
3477,0,4
3478,3,7
3479,0,6
3480,3,2
3481,3,4
3482,0,7
3483,0,4
3484,2,6
3485,0,5
3486,2,2
3487,4,4
3488,1,3
3489,1,3
3490,2,6
3491,0,4
3492,2,5
3493,2,3
3494,3,5
3495,1,3
3496,3,3
3497,1,5
3498,4,4
3499,1,7
3500,4,4
3501,3,3
3502,4,4
3503,3,4
3504,1,2
3505,0,4
3506,2,5
3507,3,3
3508,2,3
3509,1,4
3510,1,5
3511,3,4
3512,3,4
3513,0,3
3514,1,5
3515,2,2
3516,2,2
3517,2,3
3518,0,5
3519,4,5
3520,4,4
3521,3,3
3522,2,5
3523,2,4
3524,1,5
3525,0,5
3526,1,4
3527,4,4
3528,1,4
3529,2,4
3530,0,3
3531,3,6
3532,4,2
3533,2,3
3534,0,7
3535,4,4
3536,4,6
3537,4,5
3538,0,4
3539,1,1
3540,3,5
3541,4,4
3542,1,7
3543,2,5
3544,0,4
3545,1,1
3546,2,4
3547,3,6
3548,0,3
3549,4,3
3550,4,5
3551,1,3
3552,3,5
3553,0,3
3554,1,4
3555,4,3
3556,0,7
3557,1,3
3558,3,2
3559,0,6
3560,0,8
3561,0,6
3562,1,4
3563,2,3
3564,0,4
3565,3,4
3566,1,6
3567,0,3
3568,4,5
3569,1,5
3570,0,3
3571,3,4
3572,2,6
3573,4,4
3574,4,6
3575,4,7
3576,0,2
3577,0,3
3578,3,3
3579,2,4
3580,1,4
3581,2,4
3582,0,1
3583,3,4
3584,2,4
3585,1,3
3586,4,4
3587,4,2
3588,2,3
3589,3,5
3590,2,6
3591,3,1
3592,0,3
3593,4,3
3594,4,3
3595,2,6
3596,3,4
3597,3,4
3598,3,3
3599,3,1
3600,0,4
3601,3,3
3602,4,1
3603,2,3
3604,4,5
3605,1,6
3606,3,3
3607,2,3
3608,1,4
3609,1,6
3610,4,4
3611,4,5
3612,0,7
3613,2,5
3614,1,2
3615,3,1
3616,3,4
3617,4,3
3618,2,4
3619,3,3
3620,4,8
3621,0,4
3622,0,5
3623,3,3
3624,1,4
3625,3,4
3626,0,6
3627,3,1
3628,4,4
3629,2,1
3630,3,2
3631,1,3
3632,0,2
3633,1,4
3634,4,1
3635,4,5
3636,0,5
3637,3,4
3638,3,1
3639,0,5
3640,3,4
3641,4,4
3642,0,4
3643,2,5
3644,0,4
3645,4,4
3646,4,1
3647,0,3
3648,2,4
3649,0,3
3650,4,6
3651,0,4
3652,3,4
3653,4,4
3654,2,5
3655,1,3
3656,2,2
3657,0,1
3658,1,4
3659,4,4
3660,1,2
3661,2,5
3662,3,5
3663,1,5
3664,3,5
3665,0,2
3666,2,4
3667,1,3
3668,0,5
3669,2,1
3670,1,5
3671,1,6
3672,1,3
3673,2,3
3674,1,3
3675,4,4
3676,4,5
3677,2,4
3678,3,3
3679,3,3
3680,0,1
3681,2,2
3682,4,5
3683,2,5
3684,3,1
3685,3,4
3686,0,3
3687,0,4
3688,1,7
3689,1,7
3690,3,6
3691,2,3
3692,3,6
3693,0,6
3694,1,6
3695,3,5
3696,2,1
3697,1,5
3698,0,3
3699,0,3
3700,4,4
3701,2,5
3702,2,6
3703,4,2
3704,1,3
3705,0,1
3706,2,4
3707,4,7
3708,2,4
3709,2,5
3710,0,5
3711,2,4
3712,4,3
3713,1,3
3714,1,3
3715,1,4
3716,4,7
3717,1,2
3718,3,2
3719,3,3
3720,2,2
3721,1,5
3722,1,6
3723,1,5
3724,0,4
3725,1,3
3726,2,5
3727,0,6
3728,0,4
3729,2,1
3730,0,2
3731,1,6
3732,3,4
3733,3,4
3734,2,3
3735,0,5
3736,1,3
3737,3,3
3738,4,1
3739,4,4
3740,3,5
3741,2,5
3742,0,2
3743,1,4
3744,1,5
3745,3,4
3746,4,3
3747,2,3
3748,2,7
3749,4,5
3750,3,3
3751,3,5
3752,4,5
3753,2,1
3754,0,5
3755,4,4
3756,0,3
3757,3,5
3758,1,1
3759,3,5
3760,2,3
3761,4,5
3762,0,4
3763,1,5
3764,0,6
3765,4,5
3766,2,2
3767,3,6
3768,3,5
3769,3,5
3770,1,2
3771,0,4
3772,2,3
3773,0,4
3774,4,6
3775,3,3
3776,1,3
3777,3,6
3778,4,6
3779,4,3
3780,0,2
3781,2,4
3782,4,3
3783,4,6
3784,1,4
3785,0,4
3786,4,7
3787,4,3
3788,2,5
3789,4,4
3790,3,7
3791,2,5
3792,0,4
3793,1,4
3794,2,6
3795,3,4
3796,4,4
3797,0,5
3798,2,5
3799,3,3
3800,2,3
3801,4,1
3802,0,5
3803,4,4
3804,0,3
3805,4,3
3806,0,3
3807,2,2
3808,1,5
3809,3,5
3810,0,5
3811,2,6
3812,3,6
3813,4,5
3814,4,3
3815,0,3
3816,0,5
3817,4,4
3818,3,2
3819,1,3
3820,3,2
3821,1,5
3822,3,4
3823,4,3
3824,0,5
3825,0,5
3826,4,5
3827,2,5
3828,3,3
3829,0,4
3830,1,5
3831,3,5
3832,0,5
3833,2,2
3834,3,6
3835,3,4
3836,0,5
3837,2,5
3838,4,4
3839,1,3
3840,3,3
3841,0,5
3842,2,6
3843,4,1
3844,0,4
3845,0,5
3846,2,4
3847,2,7
3848,0,2
3849,1,5
3850,1,5
3851,4,1
3852,4,4
3853,2,2
3854,2,5
3855,2,4
3856,1,5
3857,2,4
3858,2,5
3859,3,4
3860,0,3
3861,4,6
3862,4,4
3863,0,6
3864,4,4
3865,0,4
3866,1,6
3867,0,4
3868,1,1
3869,4,4
3870,4,5
3871,2,4
3872,3,2
3873,4,2
3874,3,4
3875,4,4
3876,3,5
3877,1,4
3878,0,3
3879,4,5
3880,1,4
3881,0,4
3882,2,4
3883,1,2
3884,1,1
3885,2,3
3886,1,8
3887,0,4
3888,2,6
3889,0,4
3890,1,3
3891,1,6
3892,1,2
3893,1,5
3894,1,7
3895,0,3
3896,2,4
3897,3,3
3898,3,8
3899,4,3
3900,0,3
3901,3,5
3902,1,5
3903,0,4
3904,4,5
3905,3,3
3906,4,4
3907,3,4
3908,2,2
3909,2,5
3910,0,4
3911,1,4
3912,3,4
3913,0,4
3914,4,6
3915,0,6
3916,1,4
3917,4,3
3918,2,5
3919,2,5
3920,1,5
3921,1,6
3922,2,6
3923,4,4
3924,0,3
3925,1,5
3926,0,4
3927,2,4
3928,0,5
3929,2,6
3930,3,3
3931,3,2
3932,3,4
3933,1,4
3934,4,3
3935,1,4
3936,3,4
3937,1,5
3938,3,5
3939,1,5
3940,1,4
3941,2,5
3942,2,5
3943,3,5
3944,3,4
3945,3,3
3946,3,2
3947,2,4
3948,3,6
3949,0,1
3950,0,6
3951,1,2
3952,2,5
3953,3,3
3954,2,3
3955,3,6
3956,1,4
3957,3,6
3958,4,2
3959,0,7
3960,3,6
3961,4,4
3962,3,3
3963,2,4
3964,0,2
3965,0,3
3966,4,4
3967,2,6
3968,3,4
3969,4,5
3970,1,3
3971,4,4
3972,3,3
3973,1,6
3974,0,4
3975,4,2
3976,4,5
3977,0,6
3978,0,5
3979,2,4
3980,4,5
3981,3,5
3982,0,5
3983,4,3
3984,3,2
3985,3,5
3986,2,7
3987,0,4
3988,2,6
3989,2,5
3990,4,4
3991,4,1
3992,2,6
3993,1,5
3994,2,5
3995,3,5
3996,1,8
3997,4,5
3998,3,5
3999,4,5
4000,0,4
4001,1,3
4002,2,2
4003,0,6
4004,4,4
4005,0,6
4006,0,4
4007,3,7
4008,0,5
4009,4,4
4010,0,5
4011,1,2
4012,1,3
4013,3,2
4014,0,4
4015,4,6
4016,0,3
4017,3,4
4018,4,3
4019,1,3
4020,4,5
4021,2,4
4022,3,4
4023,2,4
4024,3,7
4025,4,5
4026,0,2
4027,1,4
4028,3,5
4029,0,2
4030,1,3
4031,2,6
4032,2,5
4033,1,2
4034,1,5
4035,4,3
4036,1,5
4037,1,1
4038,1,4
4039,4,4
4040,4,4
4041,3,6
4042,1,3
4043,2,5
4044,2,2
4045,2,2
4046,2,4
4047,1,5
4048,4,3
4049,3,2
4050,2,1
4051,4,3
4052,4,4
4053,1,4
4054,1,5
4055,3,3
4056,2,2
4057,3,4
4058,0,3
4059,1,3
4060,0,5
4061,3,4
4062,0,4
4063,3,4
4064,0,7
4065,4,3
4066,2,2
4067,4,6
4068,2,5
4069,4,6
4070,2,5
4071,0,7
4072,4,1
4073,3,5
4074,1,4
4075,3,3
4076,1,4
4077,2,5
4078,1,4
4079,1,2
4080,3,4
4081,1,4
4082,2,5
4083,2,3
4084,3,2
4085,1,3
4086,2,5
4087,4,4
4088,0,5
4089,2,4
4090,3,6
4091,4,4
4092,1,5
4093,3,1
4094,0,5
4095,3,4
4096,0,2
4097,1,5
4098,4,2
4099,3,5
4100,0,4
4101,2,3
4102,4,7
4103,4,2
4104,3,4
4105,2,4
4106,1,2
4107,1,4
4108,2,3
4109,2,5
4110,0,3
4111,4,4
4112,4,6
4113,2,4
4114,0,3
4115,2,2
4116,4,5
4117,4,5
4118,1,3
4119,3,4
4120,2,3
4121,4,4
4122,1,2
4123,3,4
4124,3,3
4125,4,5
4126,1,5
4127,0,3
4128,3,3
4129,4,3
4130,4,3
4131,0,4
4132,0,3
4133,3,5
4134,1,3
4135,2,8
4136,1,3
4137,3,6
4138,1,4
4139,4,3
4140,0,4
4141,4,3
4142,2,1
4143,4,4
4144,2,5
4145,2,5
4146,1,3
4147,3,4
4148,1,6
4149,3,4
4150,3,7
4151,3,4
4152,0,4
4153,2,3
4154,1,2
4155,1,3
4156,1,3
4157,0,4
4158,4,2
4159,4,2
4160,2,4
4161,3,3
4162,0,5
4163,3,6
4164,3,7
4165,3,4
4166,1,5
4167,0,3
4168,2,5
4169,1,5
4170,2,6
4171,0,3
4172,4,3
4173,4,4
4174,4,3
4175,1,6
4176,4,3
4177,4,3
4178,0,4
4179,4,2
4180,1,6
4181,2,4
4182,3,3
4183,1,2
4184,3,5
4185,3,4
4186,3,3
4187,1,3
4188,2,4
4189,3,2
4190,2,1
4191,0,3
4192,0,5
4193,4,2
4194,2,3
4195,2,5
4196,0,4
4197,3,7
4198,4,4
4199,2,4
4200,3,4
4201,1,2
4202,2,2
4203,2,5
4204,3,7
4205,2,7
4206,0,3
4207,2,4
4208,0,8
4209,3,5
4210,4,4
4211,0,4
4212,3,4
4213,1,6
4214,2,2
4215,3,4
4216,3,4
4217,4,1
4218,4,5
4219,2,5
4220,0,2
4221,4,2
4222,4,6
4223,1,3
4224,0,5
4225,4,3
4226,4,4
4227,0,3
4228,4,4
4229,1,4
4230,3,6
4231,4,3
4232,4,3
4233,3,4
4234,0,6
4235,0,4
4236,3,4
4237,1,2
4238,0,5
4239,4,5
4240,0,3
4241,1,4
4242,0,4
4243,3,5
4244,2,4
4245,0,2
4246,1,2
4247,3,3
4248,4,5
4249,1,1
4250,2,6
4251,2,3
4252,0,3
4253,1,2
4254,1,3
4255,0,4
4256,1,5
4257,4,3
4258,3,5
4259,2,4
4260,3,5
4261,4,2
4262,0,3
4263,3,3
4264,3,4
4265,0,5
4266,4,3
4267,1,2
4268,2,4
4269,1,4
4270,1,5
4271,3,5
4272,1,3
4273,3,4
4274,2,2
4275,3,4
4276,2,5
4277,1,3
4278,3,5
4279,0,4
4280,1,3
4281,1,1
4282,4,4
4283,1,4
4284,4,2
4285,0,3
4286,4,5
4287,1,4
4288,2,6
4289,4,3
4290,1,3
4291,0,6
4292,4,3
4293,1,4
4294,2,5
4295,4,1
4296,2,4
4297,4,4
4298,2,5
4299,3,2
4300,1,3
4301,0,3
4302,1,4
4303,0,3
4304,1,4
4305,3,4
4306,3,5
4307,0,4
4308,3,4
4309,1,3
4310,0,6
4311,3,6
4312,4,7
4313,3,3
4314,2,3
4315,3,5
4316,0,4
4317,4,4
4318,3,4
4319,2,6
4320,3,3
4321,4,3
4322,1,4
4323,0,3
4324,2,3
4325,3,4
4326,3,5
4327,2,6
4328,2,5
4329,1,3
4330,1,4
4331,2,6
4332,4,5
4333,4,4
4334,1,4
4335,0,3
4336,4,2
4337,2,3
4338,4,4
4339,0,4
4340,3,6
4341,2,5
4342,0,4
4343,1,4
4344,4,5
4345,0,5
4346,1,2
4347,3,3
4348,0,3
4349,4,5
4350,4,4
4351,0,5
4352,3,5
4353,3,2
4354,1,2
4355,4,6
4356,2,1
4357,0,5
4358,3,3
4359,3,4
4360,4,5
4361,3,2
4362,3,3
4363,4,7
4364,0,2
4365,2,6
4366,0,3
4367,0,3
4368,2,4
4369,2,5
4370,4,5
4371,3,3
4372,0,3
4373,1,4
4374,0,6
4375,0,3
4376,4,6
4377,2,5
4378,3,4
4379,1,2
4380,1,4
4381,1,4
4382,4,5
4383,3,3
4384,3,5
4385,1,4
4386,2,2
4387,0,4
4388,1,3
4389,1,6
4390,2,3
4391,4,4
4392,3,3
4393,0,1
4394,4,5
4395,2,5
4396,3,5
4397,3,5
4398,3,5
4399,1,2
4400,0,3
4401,0,3
4402,0,6
4403,0,5
4404,4,4
4405,3,2
4406,0,6
4407,3,6
4408,1,2
4409,2,4
4410,0,3
4411,3,4
4412,0,3
4413,2,6
4414,0,4
4415,2,3
4416,2,4
4417,2,3
4418,1,6
4419,0,3
4420,2,1
4421,3,2
4422,0,1
4423,4,3
4424,3,5
4425,3,3
4426,0,4
4427,0,5
4428,3,4
4429,2,4
4430,4,2
4431,4,3
4432,4,5
4433,2,5
4434,0,3
4435,4,2
4436,1,9
4437,2,4
4438,0,4
4439,4,3
4440,1,3
4441,1,3
4442,4,4
4443,0,7
4444,2,3
4445,4,5
4446,2,4
4447,3,5
4448,3,6
4449,3,5
4450,0,1
4451,0,4
4452,0,5
4453,2,5
4454,2,3
4455,0,4
4456,4,2
4457,4,5
4458,3,5
4459,4,3
4460,0,6
4461,2,6
4462,2,4
4463,2,4
4464,2,5
4465,1,5
4466,0,1
4467,3,3
4468,3,4
4469,3,4
4470,3,4
4471,4,1
4472,4,4
4473,1,2
4474,0,3
4475,0,4
4476,3,3
4477,3,6
4478,2,3
4479,3,4
4480,2,4
4481,2,5
4482,4,3
4483,2,5
4484,1,5
4485,2,3
4486,0,3
4487,4,4
4488,3,5
4489,4,3
4490,0,6
4491,3,1
4492,3,3
4493,2,2
4494,0,1
4495,3,6
4496,1,5
4497,1,4
4498,3,5
4499,1,7
4500,1,2
4501,2,4
4502,2,5
4503,3,5
4504,0,4
4505,3,5
4506,3,2
4507,4,6
4508,0,4
4509,1,7
4510,1,3
4511,0,1
4512,4,4
4513,1,5
4514,4,7
4515,4,3
4516,3,5
4517,4,4
4518,3,6
4519,4,6
4520,1,4
4521,1,6
4522,1,3
4523,0,4
4524,3,4
4525,4,3
4526,4,4
4527,1,6
4528,3,3
4529,3,4
4530,0,6
4531,0,4
4532,0,5
4533,3,7
4534,3,2
4535,3,6
4536,4,4
4537,0,4
4538,2,4
4539,1,3
4540,0,2
4541,1,3
4542,1,4
4543,0,5
4544,3,5
4545,1,3
4546,3,5
4547,1,4
4548,0,6
4549,2,7
4550,4,5
4551,0,4
4552,4,4
4553,1,1
4554,1,3
4555,1,5
4556,4,5
4557,0,4
4558,4,5
4559,4,6
4560,1,3
4561,0,6
4562,1,3
4563,0,4
4564,0,4
4565,2,5
4566,1,3
4567,3,7
4568,1,3
4569,0,3
4570,0,5
4571,4,6
4572,0,3
4573,2,4
4574,1,3
4575,0,4
4576,1,2
4577,2,5
4578,1,5
4579,3,4
4580,3,2
4581,1,4
4582,2,2
4583,0,3
4584,4,4
4585,2,5
4586,0,4
4587,4,2
4588,3,3
4589,3,5
4590,2,5
4591,3,5
4592,3,6
4593,3,1
4594,4,5
4595,3,4
4596,2,5
4597,0,1
4598,2,6
4599,4,6
4600,3,4
4601,0,6
4602,2,5
4603,4,3
4604,3,5
4605,4,4
4606,0,2
4607,0,5
4608,2,3
4609,2,5
4610,3,3
4611,3,5
4612,2,4
4613,4,2
4614,1,4
4615,4,3
4616,3,2
4617,1,5
4618,1,3
4619,1,3
4620,1,3
4621,0,3
4622,3,3
4623,3,2
4624,3,7
4625,4,6
4626,0,3
4627,4,4
4628,4,6
4629,3,2
4630,3,4
4631,2,6
4632,4,3
4633,3,3
4634,3,3
4635,4,7
4636,2,6
4637,1,3
4638,1,3
4639,3,4
4640,0,3
4641,3,6
4642,1,5
4643,4,4
4644,0,2
4645,3,4
4646,4,1
4647,1,4
4648,2,5
4649,1,4
4650,3,5
4651,4,2
4652,4,4
4653,1,6
4654,1,4
4655,4,3
4656,1,3
4657,0,3
4658,4,5
4659,3,3
4660,1,1
4661,1,7
4662,3,4
4663,3,2
4664,4,2
4665,2,3
4666,3,4
4667,2,8
4668,3,3
4669,1,4
4670,4,3
4671,4,4
4672,1,4
4673,4,4
4674,2,4
4675,0,3
4676,3,4
4677,4,5
4678,4,3
4679,2,5
4680,4,2
4681,4,4
4682,1,4
4683,3,6
4684,0,4
4685,1,4
4686,1,3
4687,4,5
4688,0,4
4689,1,6
4690,0,2
4691,1,4
4692,2,4
4693,3,1
4694,2,2
4695,2,2
4696,1,2
4697,0,5
4698,0,5
4699,4,4
4700,1,3
4701,2,3
4702,4,3
4703,1,5
4704,2,5
4705,3,1
4706,0,4
4707,3,5
4708,4,4
4709,3,6
4710,0,5
4711,0,3
4712,2,4
4713,4,4
4714,0,7
4715,3,5
4716,0,2
4717,3,5
4718,0,4
4719,0,3
4720,0,4
4721,4,6
4722,1,3
4723,4,4
4724,1,2
4725,3,5
4726,0,4
4727,3,5
4728,3,4
4729,3,5
4730,2,4
4731,0,5
4732,0,4
4733,4,5
4734,1,7
4735,0,1
4736,4,3
4737,0,6
4738,0,4
4739,4,3
4740,3,4
4741,3,5
4742,0,3
4743,2,4
4744,3,7
4745,0,3
4746,4,5
4747,3,4
4748,1,3
4749,0,6
4750,4,4
4751,3,3
4752,3,6
4753,3,2
4754,4,5
4755,0,4
4756,0,1
4757,4,4
4758,3,2
4759,2,3
4760,1,3
4761,4,4
4762,0,1
4763,4,3
4764,1,5
4765,3,5
4766,2,4
4767,4,3
4768,0,3
4769,1,5
4770,0,5
4771,2,4
4772,4,4
4773,0,7
4774,4,3
4775,2,5
4776,1,3
4777,2,1
4778,4,1
4779,0,5
4780,3,6
4781,1,5
4782,4,2
4783,2,4
4784,3,6
4785,4,6
4786,0,3
4787,4,3
4788,0,4
4789,1,2
4790,1,3
4791,0,3
4792,3,3
4793,2,5
4794,3,4
4795,3,5
4796,3,5
4797,3,5
4798,3,4
4799,0,3
4800,3,2
4801,4,2
4802,1,4
4803,3,6
4804,4,3
4805,4,5
4806,4,4
4807,4,3
4808,3,3
4809,0,6
4810,4,5
4811,3,8
4812,4,3
4813,4,3
4814,2,4
4815,4,5
4816,1,4
4817,0,5
4818,3,5
4819,4,5
4820,4,3
4821,0,4
4822,4,3
4823,1,7
4824,2,6
4825,1,5
4826,3,4
4827,2,2
4828,3,5
4829,3,3
4830,4,3
4831,2,4
4832,2,5
4833,3,2
4834,2,3
4835,1,4
4836,1,4
4837,1,4
4838,3,2
4839,1,2
4840,3,5
4841,1,5
4842,0,5
4843,0,7
4844,2,3
4845,4,3
4846,1,7
4847,1,2
4848,1,3
4849,0,5
4850,0,3
4851,1,5
4852,0,4
4853,3,3
4854,0,4
4855,3,5
4856,0,4
4857,0,2
4858,2,5
4859,3,3
4860,4,1
4861,3,4
4862,4,5
4863,3,3
4864,0,3
4865,1,2
4866,4,4
4867,4,5
4868,3,3
4869,2,3
4870,1,4
4871,4,5
4872,0,1
4873,1,1
4874,0,6
4875,0,5
4876,4,1
4877,2,4
4878,1,4
4879,1,5
4880,4,4
4881,0,4
4882,0,3
4883,4,3
4884,3,5
4885,1,3
4886,0,3
4887,2,4
4888,1,4
4889,0,4
4890,0,2
4891,0,6
4892,1,4
4893,2,4
4894,1,2
4895,3,4
4896,2,4
4897,4,3
4898,4,3
4899,1,2
4900,1,4
4901,4,4
4902,0,4
4903,3,4
4904,3,5
4905,3,5
4906,1,7
4907,0,6
4908,2,4
4909,4,5
4910,3,4
4911,4,6
4912,3,2
4913,1,5
4914,0,6
4915,1,3
4916,4,3
4917,0,6
4918,2,4
4919,2,4
4920,3,2
4921,3,6
4922,4,4
4923,3,6
4924,0,4
4925,1,3
4926,3,3
4927,1,5
4928,3,6
4929,1,3
4930,3,2
4931,3,4
4932,2,5
4933,3,4
4934,0,5
4935,4,3
4936,3,5
4937,1,4
4938,1,2
4939,3,4
4940,2,5
4941,2,5
4942,3,3
4943,2,6
4944,0,3
4945,2,2
4946,3,3
4947,3,4
4948,4,2
4949,4,3
4950,2,5
4951,3,3
4952,1,1
4953,4,3
4954,3,4
4955,1,4
4956,2,2
4957,3,5
4958,1,4
4959,3,2
4960,4,8
4961,2,5
4962,0,5
4963,2,5
4964,2,3
4965,2,3
4966,4,6
4967,2,4
4968,3,5
4969,4,3
4970,0,6
4971,4,4
4972,0,5
4973,4,4
4974,3,4
4975,4,1
4976,0,4
4977,2,3
4978,1,3
4979,4,5
4980,1,4
4981,2,6
4982,0,4
4983,4,5
4984,3,2
4985,1,1
4986,2,3
4987,1,5
4988,2,4
4989,1,7
4990,2,2
4991,0,4
4992,3,7
4993,4,4
4994,2,5
4995,0,4
4996,3,3
4997,2,4
4998,2,3
4999,1,1
